Timestamp,Soil,Humidity,Temperature,AQI,Pump_Status
2025-11-12 18:20:46,DRY,36.0,27.1,159.0,PUMP_ON
2025-11-12 18:20:47,DRY,36.0,27.1,159.0,PUMP_ON
2025-11-12 18:20:47,DRY,36.0,27.1,159.0,PUMP_ON
2025-11-12 18:20:48,DRY,36.0,27.1,159.0,PUMP_ON
2025-11-12 18:20:48,DRY,36.0,27.1,159.0,PUMP_ON
2025-11-12 18:20:49,DRY,36.0,27.1,159.0,PUMP_ON
2025-11-12 18:20:49,DRY,36.0,27.1,159.0,PUMP_ON
2025-11-12 18:20:50,DRY,36.0,27.1,159.0,PUMP_ON
2025-11-12 18:20:50,DRY,36.0,27.1,159.0,PUMP_ON
2025-11-12 18:20:51,DRY,36.0,27.1,159.0,PUMP_ON
2025-11-12 18:20:51,DRY,36.0,27.1,159.0,PUMP_ON
2025-11-12 18:20:52,DRY,36.0,27.1,159.0,PUMP_ON
2025-11-12 18:20:52,DRY,36.0,27.1,159.0,PUMP_ON
2025-11-12 18:20:53,DRY,36.0,27.1,159.0,PUMP_ON
2025-11-12 18:20:53,DRY,36.0,27.1,159.0,PUMP_ON
2025-11-12 18:20:54,DRY,35.0,27.1,159.0,PUMP_ON
2025-11-12 18:20:54,DRY,35.0,27.1,159.0,PUMP_ON
2025-11-12 18:20:55,DRY,35.0,27.1,158.0,PUMP_ON
2025-11-12 18:20:55,DRY,35.0,27.1,159.0,PUMP_ON
2025-11-12 18:20:56,DRY,35.0,27.1,160.0,PUMP_ON
2025-11-12 18:21:05,WET,36.0,27.1,160.0,PUMP_OFF
2025-11-12 18:21:05,WET,36.0,27.1,160.0,PUMP_OFF
2025-11-12 18:21:06,WET,36.0,27.1,160.0,PUMP_OFF
2025-11-12 18:21:06,WET,36.0,27.1,160.0,PUMP_OFF
2025-11-12 18:21:07,WET,36.0,27.1,159.0,PUMP_OFF
2025-11-12 18:21:07,WET,36.0,27.1,160.0,PUMP_OFF
2025-11-12 18:21:08,WET,36.0,27.1,160.0,PUMP_OFF
2025-11-12 18:21:08,WET,35.0,27.1,160.0,PUMP_OFF
2025-11-12 18:21:09,WET,35.0,27.1,160.0,PUMP_OFF
2025-11-12 18:21:09,WET,35.0,27.1,160.0,PUMP_OFF
2025-11-12 18:21:10,WET,35.0,27.1,160.0,PUMP_OFF
2025-11-12 18:21:10,WET,35.0,27.1,160.0,PUMP_OFF
2025-11-12 18:21:11,WET,35.0,27.1,160.0,PUMP_OFF
2025-11-12 18:21:11,WET,35.0,27.1,160.0,PUMP_OFF
2025-11-12 18:21:12,WET,35.0,27.1,160.0,PUMP_OFF
2025-11-12 18:21:12,WET,35.0,27.1,160.0,PUMP_OFF
2025-11-12 18:21:13,WET,35.0,27.1,160.0,PUMP_OFF
2025-11-12 18:21:13,WET,35.0,27.1,160.0,PUMP_OFF
2025-11-12 18:21:14,WET,35.0,27.1,160.0,PUMP_OFF
2025-11-12 18:21:14,WET,35.0,27.1,160.0,PUMP_OFF
2025-11-12 18:21:15,WET,35.0,27.1,160.0,PUMP_OFF
2025-11-12 18:21:15,WET,35.0,27.1,161.0,PUMP_OFF
2025-11-12 18:21:20,DRY,35.0,27.1,160.0,PUMP_ON
2025-11-12 18:21:20,DRY,35.0,27.1,161.0,PUMP_ON
2025-11-12 18:21:21,DRY,35.0,27.1,161.0,PUMP_ON
2025-11-12 18:21:21,DRY,35.0,27.1,161.0,PUMP_ON
2025-11-12 18:21:22,DRY,35.0,27.1,161.0,PUMP_ON
2025-11-12 18:21:22,DRY,35.0,27.1,161.0,PUMP_ON
2025-11-12 18:21:23,DRY,35.0,27.1,160.0,PUMP_ON
2025-11-12 18:21:23,DRY,35.0,27.1,161.0,PUMP_ON
2025-11-12 18:21:24,DRY,35.0,27.1,161.0,PUMP_ON
2025-11-12 18:21:24,DRY,35.0,27.1,161.0,PUMP_ON
2025-11-12 18:21:25,DRY,35.0,27.1,161.0,PUMP_ON
2025-11-12 18:21:25,DRY,35.0,27.1,161.0,PUMP_ON
2025-11-12 18:28:07,DRY,35.0,26.7,189.0,PUMP_ON
2025-11-12 18:28:07,DRY,35.0,26.7,190.0,PUMP_ON
2025-11-12 18:28:08,DRY,35.0,26.7,189.0,PUMP_ON
2025-11-12 18:28:08,DRY,35.0,26.7,189.0,PUMP_ON
2025-11-12 18:28:09,DRY,35.0,26.7,189.0,PUMP_ON
2025-11-12 18:28:09,DRY,35.0,26.7,189.0,PUMP_ON
2025-11-12 18:28:10,DRY,35.0,26.7,189.0,PUMP_ON
2025-11-12 18:28:10,DRY,35.0,26.7,189.0,PUMP_ON
2025-11-12 18:28:11,DRY,35.0,26.7,189.0,PUMP_ON
2025-11-12 18:28:11,DRY,35.0,26.7,189.0,PUMP_ON
2025-11-12 18:28:12,DRY,35.0,26.7,189.0,PUMP_ON
2025-11-12 18:28:12,DRY,35.0,26.7,190.0,PUMP_ON
2025-11-12 18:28:13,DRY,35.0,26.7,190.0,PUMP_ON
2025-11-12 18:28:13,DRY,35.0,26.7,190.0,PUMP_ON
2025-11-12 18:28:14,DRY,35.0,26.7,190.0,PUMP_ON
2025-11-12 18:28:14,DRY,35.0,26.7,190.0,PUMP_ON
2025-11-12 18:28:15,DRY,35.0,26.7,190.0,PUMP_ON
2025-11-12 18:28:15,DRY,35.0,26.7,190.0,PUMP_ON
2025-11-12 18:28:16,DRY,35.0,26.7,189.0,PUMP_ON
2025-11-12 18:28:16,DRY,35.0,26.7,190.0,PUMP_ON
2025-11-12 18:28:17,DRY,35.0,26.7,190.0,PUMP_ON
2025-11-12 18:28:17,DRY,35.0,26.7,190.0,PUMP_ON
2025-11-12 18:28:18,DRY,35.0,26.7,190.0,PUMP_ON
2025-11-12 18:28:18,DRY,35.0,26.7,190.0,PUMP_ON
2025-11-12 18:28:19,DRY,35.0,26.7,190.0,PUMP_ON
2025-11-12 18:28:19,DRY,35.0,26.7,190.0,PUMP_ON
2025-11-12 18:28:20,DRY,35.0,26.7,190.0,PUMP_ON
2025-11-12 18:28:20,DRY,35.0,26.7,190.0,PUMP_ON
2025-11-12 18:28:21,DRY,35.0,26.7,190.0,PUMP_ON
2025-11-12 18:28:21,DRY,35.0,26.7,192.0,PUMP_ON
2025-11-12 18:28:22,WET,36.0,26.7,192.0,PUMP_OFF
2025-11-12 18:28:22,WET,36.0,26.7,192.0,PUMP_OFF
2025-11-12 18:28:23,WET,36.0,26.7,189.0,PUMP_OFF
2025-11-12 18:28:23,WET,36.0,26.7,192.0,PUMP_OFF
2025-11-12 18:28:24,WET,36.0,26.7,192.0,PUMP_OFF
2025-11-12 18:28:24,WET,36.0,26.7,192.0,PUMP_OFF
2025-11-12 18:28:25,WET,36.0,26.7,192.0,PUMP_OFF
2025-11-12 18:28:25,DRY,36.0,26.7,192.0,PUMP_ON
2025-11-12 18:28:26,DRY,36.0,26.7,192.0,PUMP_ON
2025-11-12 18:28:26,DRY,36.0,26.7,192.0,PUMP_ON
2025-11-12 18:28:27,DRY,36.0,26.7,192.0,PUMP_ON
2025-11-12 18:28:27,DRY,36.0,26.7,192.0,PUMP_ON
2025-11-12 18:28:28,DRY,36.0,26.7,192.0,PUMP_ON
2025-11-12 18:28:28,DRY,36.0,26.7,192.0,PUMP_ON
2025-11-12 18:28:29,DRY,36.0,26.7,192.0,PUMP_ON
2025-11-12 18:28:29,DRY,36.0,26.7,192.0,PUMP_ON
2025-11-12 18:28:30,DRY,36.0,26.7,192.0,PUMP_ON
2025-11-12 18:28:30,DRY,36.0,26.7,189.0,PUMP_ON
2025-11-12 18:28:31,DRY,36.0,26.7,192.0,PUMP_ON
2025-11-12 18:28:31,DRY,36.0,26.7,192.0,PUMP_ON
2025-11-12 18:28:32,DRY,36.0,26.7,192.0,PUMP_ON
2025-11-12 18:28:32,DRY,36.0,26.7,192.0,PUMP_ON
2025-11-12 18:28:33,DRY,36.0,26.7,192.0,PUMP_ON
2025-11-12 18:28:33,DRY,36.0,26.7,192.0,PUMP_ON
2025-11-12 18:28:34,DRY,36.0,26.7,192.0,PUMP_ON
2025-11-12 18:28:34,DRY,36.0,26.7,192.0,PUMP_ON
2025-11-12 18:28:35,DRY,36.0,26.7,194.0,PUMP_ON
2025-11-12 18:28:35,DRY,36.0,26.7,194.0,PUMP_ON
2025-11-12 18:28:36,DRY,36.0,26.7,194.0,PUMP_ON
2025-11-12 18:28:36,DRY,36.0,26.7,195.0,PUMP_ON
2025-11-12 18:28:37,DRY,36.0,26.7,194.0,PUMP_ON
2025-11-12 18:28:37,DRY,36.0,26.7,193.0,PUMP_ON
2025-11-12 18:28:38,DRY,36.0,26.7,194.0,PUMP_ON
2025-11-12 18:28:38,DRY,36.0,26.7,194.0,PUMP_ON
2025-11-12 18:28:39,DRY,36.0,26.7,190.0,PUMP_ON
2025-11-12 18:28:39,DRY,36.0,26.7,195.0,PUMP_ON
2025-11-12 18:28:40,DRY,36.0,26.7,195.0,PUMP_ON
2025-11-12 18:28:40,DRY,36.0,26.7,193.0,PUMP_ON
2025-11-12 18:28:41,DRY,36.0,26.7,192.0,PUMP_ON
2025-11-12 18:28:41,DRY,36.0,26.7,193.0,PUMP_ON
2025-11-12 18:28:42,DRY,36.0,26.7,193.0,PUMP_ON
2025-11-12 18:28:42,DRY,36.0,26.7,194.0,PUMP_ON
2025-11-12 18:28:43,DRY,36.0,26.7,195.0,PUMP_ON
2025-11-12 18:28:43,DRY,36.0,26.7,195.0,PUMP_ON
2025-11-12 18:28:44,DRY,36.0,26.7,192.0,PUMP_ON
2025-11-12 18:28:44,DRY,36.0,26.7,193.0,PUMP_ON
2025-11-12 18:28:45,DRY,36.0,26.7,195.0,PUMP_ON
2025-11-12 18:28:45,DRY,36.0,26.7,193.0,PUMP_ON
2025-11-12 18:28:46,DRY,36.0,26.7,192.0,PUMP_ON
2025-11-12 18:28:46,DRY,36.0,26.7,194.0,PUMP_ON
2025-11-12 18:28:47,DRY,36.0,26.7,193.0,PUMP_ON
2025-11-12 18:28:47,DRY,36.0,26.7,194.0,PUMP_ON
2025-11-12 18:28:48,DRY,36.0,26.7,192.0,PUMP_ON
2025-11-12 18:28:48,DRY,36.0,26.7,193.0,PUMP_ON
2025-11-12 18:28:49,DRY,36.0,26.7,192.0,PUMP_ON
2025-11-12 18:28:49,DRY,36.0,26.7,189.0,PUMP_ON
2025-11-12 18:28:50,DRY,36.0,26.7,192.0,PUMP_ON
2025-11-12 18:28:50,DRY,36.0,26.7,192.0,PUMP_ON
2025-11-12 18:28:51,DRY,36.0,26.7,193.0,PUMP_ON
2025-11-12 18:28:51,DRY,36.0,26.7,193.0,PUMP_ON
2025-11-12 18:28:52,DRY,36.0,26.7,194.0,PUMP_ON
2025-11-12 18:28:52,WET,36.0,26.7,194.0,PUMP_OFF
2025-11-12 18:28:53,WET,36.0,26.7,195.0,PUMP_OFF
2025-11-12 18:28:53,WET,36.0,26.7,195.0,PUMP_OFF
2025-11-12 18:28:54,DRY,36.0,26.7,193.0,PUMP_ON
2025-11-12 18:28:54,DRY,36.0,26.7,194.0,PUMP_ON
2025-11-12 18:28:55,DRY,36.0,26.7,193.0,PUMP_ON
2025-11-12 18:28:55,DRY,36.0,26.7,194.0,PUMP_ON
2025-11-12 18:28:56,DRY,36.0,26.7,194.0,PUMP_ON
2025-11-12 18:28:56,DRY,36.0,26.7,192.0,PUMP_ON
2025-11-12 18:28:57,DRY,36.0,26.7,194.0,PUMP_ON
2025-11-12 18:28:57,DRY,36.0,26.7,194.0,PUMP_ON
2025-11-12 18:28:58,DRY,35.0,26.8,195.0,PUMP_ON
2025-11-12 18:28:58,DRY,35.0,26.8,195.0,PUMP_ON
2025-11-12 18:28:59,DRY,35.0,26.8,194.0,PUMP_ON
2025-11-12 18:28:59,DRY,35.0,26.8,194.0,PUMP_ON
2025-11-12 18:29:00,DRY,35.0,26.8,194.0,PUMP_ON
2025-11-12 18:29:00,DRY,35.0,26.7,194.0,PUMP_ON
2025-11-12 18:29:01,DRY,35.0,26.7,193.0,PUMP_ON
2025-11-12 18:29:01,WET,35.0,26.7,194.0,PUMP_OFF
2025-11-12 18:29:02,WET,35.0,26.7,195.0,PUMP_OFF
2025-11-12 18:29:02,WET,35.0,26.7,194.0,PUMP_OFF
2025-11-12 18:29:03,WET,36.0,26.7,193.0,PUMP_OFF
2025-11-12 18:29:03,WET,36.0,26.7,190.0,PUMP_OFF
2025-11-12 18:29:04,WET,36.0,26.7,193.0,PUMP_OFF
2025-11-12 18:29:04,WET,36.0,26.7,193.0,PUMP_OFF
2025-11-12 18:29:05,WET,36.0,26.7,192.0,PUMP_OFF
2025-11-12 18:29:05,WET,35.0,26.7,192.0,PUMP_OFF
2025-11-12 18:29:06,DRY,35.0,26.7,192.0,PUMP_ON
2025-11-12 18:29:06,WET,35.0,26.7,192.0,PUMP_OFF
2025-11-12 18:29:07,WET,35.0,26.7,193.0,PUMP_OFF
2025-11-12 18:29:07,DRY,35.0,26.7,190.0,PUMP_ON
2025-11-12 18:29:08,DRY,35.0,26.7,192.0,PUMP_ON
2025-11-12 18:29:08,DRY,35.0,26.7,192.0,PUMP_ON
2025-11-12 18:29:09,DRY,35.0,26.7,192.0,PUMP_ON
2025-11-12 18:29:09,DRY,35.0,26.7,194.0,PUMP_ON
2025-11-12 18:29:10,DRY,35.0,26.7,194.0,PUMP_ON
2025-11-12 18:29:10,WET,36.0,26.7,195.0,PUMP_OFF
2025-11-12 18:29:11,DRY,36.0,26.7,195.0,PUMP_ON
2025-11-12 18:29:11,DRY,36.0,26.7,196.0,PUMP_ON
2025-11-12 18:29:12,DRY,36.0,26.7,196.0,PUMP_ON
2025-11-12 18:29:12,DRY,36.0,26.7,196.0,PUMP_ON
2025-11-12 18:29:13,DRY,36.0,26.7,197.0,PUMP_ON
2025-11-12 18:29:13,DRY,36.0,26.7,195.0,PUMP_ON
2025-11-12 18:29:14,DRY,36.0,26.7,196.0,PUMP_ON
2025-11-12 18:29:14,DRY,36.0,26.7,197.0,PUMP_ON
2025-11-12 18:29:15,DRY,36.0,26.7,197.0,PUMP_ON
2025-11-12 18:29:15,DRY,36.0,26.7,197.0,PUMP_ON
2025-11-12 18:29:16,DRY,36.0,26.7,197.0,PUMP_ON
2025-11-12 18:29:16,DRY,36.0,26.7,197.0,PUMP_ON
2025-11-12 18:29:17,DRY,36.0,26.7,197.0,PUMP_ON
2025-11-12 18:29:17,DRY,37.0,26.7,195.0,PUMP_ON
2025-11-12 18:29:18,DRY,37.0,26.7,197.0,PUMP_ON
2025-11-12 18:29:18,DRY,37.0,26.7,196.0,PUMP_ON
2025-11-12 18:29:19,DRY,37.0,26.7,196.0,PUMP_ON
2025-11-12 18:29:19,DRY,37.0,26.7,196.0,PUMP_ON
2025-11-12 18:29:20,DRY,37.0,26.8,196.0,PUMP_ON
2025-11-12 18:29:20,DRY,37.0,26.8,196.0,PUMP_ON
2025-11-12 18:29:21,WET,37.0,26.8,196.0,PUMP_OFF
2025-11-12 18:29:21,WET,37.0,26.8,193.0,PUMP_OFF
2025-11-12 18:29:22,WET,37.0,26.8,195.0,PUMP_OFF
2025-11-12 18:29:22,WET,37.0,26.7,196.0,PUMP_OFF
2025-11-12 18:29:23,WET,37.0,26.7,196.0,PUMP_OFF
2025-11-12 18:29:23,WET,37.0,26.7,196.0,PUMP_OFF
2025-11-12 18:29:24,WET,37.0,26.7,195.0,PUMP_OFF
2025-11-12 18:29:24,WET,37.0,26.7,195.0,PUMP_OFF
2025-11-12 18:29:25,WET,37.0,26.8,195.0,PUMP_OFF
2025-11-12 18:29:25,WET,37.0,26.8,195.0,PUMP_OFF
2025-11-12 18:29:26,DRY,37.0,26.8,195.0,PUMP_ON
2025-11-12 18:29:26,DRY,37.0,26.8,195.0,PUMP_ON
2025-11-12 18:29:27,DRY,37.0,27.0,195.0,PUMP_ON
2025-11-12 18:29:27,DRY,37.0,27.0,196.0,PUMP_ON
2025-11-12 18:29:28,DRY,37.0,27.0,195.0,PUMP_ON
2025-11-12 18:29:28,DRY,37.0,27.0,192.0,PUMP_ON
2025-11-12 18:29:29,DRY,37.0,27.0,192.0,PUMP_ON
2025-11-12 18:29:29,DRY,37.0,27.1,192.0,PUMP_ON
2025-11-12 18:29:30,DRY,37.0,27.1,193.0,PUMP_ON
2025-11-12 18:29:30,DRY,37.0,27.1,193.0,PUMP_ON
2025-11-12 18:29:31,DRY,37.0,27.1,193.0,PUMP_ON
2025-11-12 18:29:31,DRY,37.0,27.1,192.0,PUMP_ON
2025-11-12 18:29:32,DRY,37.0,27.1,192.0,PUMP_ON
2025-11-12 18:29:32,DRY,37.0,27.1,192.0,PUMP_ON
2025-11-12 18:29:33,DRY,37.0,27.1,190.0,PUMP_ON
2025-11-12 18:29:33,DRY,37.0,27.1,190.0,PUMP_ON
2025-11-12 18:29:34,DRY,37.0,27.1,190.0,PUMP_ON
2025-11-12 18:29:34,DRY,37.0,27.1,190.0,PUMP_ON
2025-11-12 18:29:35,DRY,37.0,27.1,189.0,PUMP_ON
2025-11-12 18:29:35,DRY,37.0,27.1,189.0,PUMP_ON
2025-11-12 18:29:36,DRY,37.0,27.1,189.0,PUMP_ON
2025-11-12 18:29:36,DRY,37.0,27.1,189.0,PUMP_ON
2025-11-12 18:29:37,DRY,38.0,27.1,188.0,PUMP_ON
2025-11-12 18:29:37,DRY,38.0,27.1,188.0,PUMP_ON
2025-11-12 18:29:38,WET,38.0,27.1,188.0,PUMP_OFF
2025-11-12 18:29:38,WET,38.0,27.1,188.0,PUMP_OFF
2025-11-12 18:29:39,DRY,38.0,27.1,187.0,PUMP_ON
2025-11-12 18:29:39,DRY,38.0,27.1,187.0,PUMP_ON
2025-11-12 18:29:40,DRY,38.0,27.1,187.0,PUMP_ON
2025-11-12 18:29:40,DRY,38.0,27.1,187.0,PUMP_ON
2025-11-12 18:29:41,DRY,38.0,27.1,186.0,PUMP_ON
2025-11-12 18:29:41,DRY,38.0,27.1,186.0,PUMP_ON
2025-11-12 18:29:42,DRY,38.0,27.1,186.0,PUMP_ON
2025-11-12 18:29:42,WET,38.0,27.1,186.0,PUMP_OFF
2025-11-12 18:29:43,DRY,38.0,27.1,186.0,PUMP_ON
2025-11-12 18:29:43,WET,38.0,27.1,186.0,PUMP_OFF
2025-11-12 18:29:44,WET,38.0,27.1,187.0,PUMP_OFF
2025-11-12 18:29:44,WET,38.0,27.1,188.0,PUMP_OFF
2025-11-12 18:29:45,DRY,38.0,27.1,190.0,PUMP_ON
2025-11-12 18:29:45,WET,38.0,27.1,195.0,PUMP_OFF
2025-11-12 18:29:46,WET,38.0,27.1,196.0,PUMP_OFF
2025-11-12 18:29:46,DRY,38.0,27.1,196.0,PUMP_ON
2025-11-12 18:29:47,DRY,38.0,27.1,196.0,PUMP_ON
2025-11-12 18:29:47,WET,38.0,27.1,197.0,PUMP_OFF
2025-11-12 18:29:48,WET,38.0,27.1,197.0,PUMP_OFF
2025-11-12 18:29:48,WET,38.0,27.1,196.0,PUMP_OFF
2025-11-12 18:29:49,WET,39.0,27.1,196.0,PUMP_OFF
2025-11-12 18:29:49,WET,39.0,27.1,196.0,PUMP_OFF
2025-11-12 18:29:50,WET,39.0,27.1,196.0,PUMP_OFF
2025-11-12 18:29:50,WET,39.0,27.1,196.0,PUMP_OFF
2025-11-12 18:29:51,WET,39.0,27.1,193.0,PUMP_OFF
2025-11-12 18:29:51,WET,39.0,27.1,195.0,PUMP_OFF
2025-11-12 18:29:52,WET,39.0,27.1,195.0,PUMP_OFF
2025-11-12 18:29:52,DRY,39.0,27.1,193.0,PUMP_ON
2025-11-12 18:29:53,DRY,39.0,27.1,192.0,PUMP_ON
2025-11-12 18:29:53,DRY,39.0,27.1,192.0,PUMP_ON
2025-11-12 18:29:54,DRY,39.0,27.1,190.0,PUMP_ON
2025-11-12 18:29:54,DRY,39.0,27.1,190.0,PUMP_ON
2025-11-12 18:29:55,DRY,39.0,27.1,189.0,PUMP_ON
2025-11-12 18:29:55,DRY,39.0,27.1,189.0,PUMP_ON
2025-11-12 18:29:56,DRY,39.0,27.1,189.0,PUMP_ON
2025-11-12 18:29:56,DRY,39.0,27.1,188.0,PUMP_ON
2025-11-12 18:29:57,DRY,39.0,27.1,188.0,PUMP_ON
2025-11-12 18:29:57,DRY,39.0,27.1,188.0,PUMP_ON
2025-11-12 18:29:58,DRY,39.0,27.1,188.0,PUMP_ON
2025-11-12 18:29:58,DRY,39.0,27.1,188.0,PUMP_ON
2025-11-12 18:29:59,DRY,39.0,27.1,187.0,PUMP_ON
2025-11-12 18:29:59,DRY,39.0,27.1,187.0,PUMP_ON
2025-11-12 18:30:00,DRY,39.0,27.1,187.0,PUMP_ON
2025-11-12 18:30:00,DRY,39.0,27.1,187.0,PUMP_ON
2025-11-12 18:30:01,WET,38.0,27.1,187.0,PUMP_OFF
2025-11-12 18:30:01,WET,38.0,27.1,187.0,PUMP_OFF
2025-11-12 18:30:02,WET,38.0,27.1,187.0,PUMP_OFF
2025-11-12 18:30:02,WET,38.0,27.1,187.0,PUMP_OFF
2025-11-12 18:30:03,WET,38.0,27.1,187.0,PUMP_OFF
2025-11-12 18:30:03,WET,38.0,27.1,187.0,PUMP_OFF
2025-11-12 18:30:04,WET,38.0,27.1,187.0,PUMP_OFF
2025-11-12 18:30:04,WET,38.0,27.1,188.0,PUMP_OFF
2025-11-12 18:30:05,WET,38.0,27.1,188.0,PUMP_OFF
2025-11-12 18:30:05,DRY,38.0,27.1,188.0,PUMP_ON
2025-11-12 18:30:06,DRY,38.0,27.1,188.0,PUMP_ON
2025-11-12 18:30:06,DRY,38.0,27.1,188.0,PUMP_ON
2025-11-12 18:30:07,DRY,38.0,27.1,188.0,PUMP_ON
2025-11-12 18:30:07,WET,38.0,27.1,189.0,PUMP_OFF
2025-11-12 18:30:08,WET,38.0,27.1,188.0,PUMP_OFF
2025-11-12 18:30:08,WET,39.0,27.1,188.0,PUMP_OFF
2025-11-12 18:30:09,WET,39.0,27.1,188.0,PUMP_OFF
2025-11-12 18:30:09,WET,39.0,27.1,188.0,PUMP_OFF
2025-11-12 18:30:10,WET,39.0,27.1,188.0,PUMP_OFF
2025-11-12 18:30:10,WET,39.0,27.1,188.0,PUMP_OFF
2025-11-12 18:30:11,WET,38.0,27.1,188.0,PUMP_OFF
2025-11-12 18:30:11,WET,38.0,27.1,187.0,PUMP_OFF
2025-11-12 18:30:12,WET,38.0,27.1,187.0,PUMP_OFF
2025-11-12 18:30:12,DRY,38.0,27.1,187.0,PUMP_ON
2025-11-12 18:30:13,DRY,38.0,27.1,187.0,PUMP_ON
2025-11-12 18:30:13,DRY,38.0,27.1,187.0,PUMP_ON
2025-11-12 18:30:14,DRY,38.0,27.1,187.0,PUMP_ON
2025-11-12 18:30:14,DRY,38.0,27.1,187.0,PUMP_ON
2025-11-12 18:30:15,DRY,38.0,27.1,187.0,PUMP_ON
2025-11-12 18:30:15,DRY,38.0,27.1,187.0,PUMP_ON
2025-11-12 18:30:16,DRY,38.0,27.1,187.0,PUMP_ON
2025-11-12 18:30:16,DRY,38.0,27.1,187.0,PUMP_ON
2025-11-12 18:30:17,DRY,38.0,27.1,187.0,PUMP_ON
2025-11-12 18:30:17,DRY,38.0,27.1,187.0,PUMP_ON
2025-11-12 18:30:18,DRY,38.0,27.1,187.0,PUMP_ON
2025-11-12 18:30:18,DRY,38.0,27.1,187.0,PUMP_ON
2025-11-12 18:30:19,DRY,38.0,27.1,187.0,PUMP_ON
2025-11-12 18:30:19,DRY,38.0,27.1,186.0,PUMP_ON
2025-11-12 18:30:20,DRY,38.0,27.1,187.0,PUMP_ON
2025-11-12 18:30:20,DRY,38.0,27.1,187.0,PUMP_ON
2025-11-12 18:30:21,DRY,38.0,27.1,187.0,PUMP_ON
2025-11-12 18:30:21,DRY,38.0,27.1,187.0,PUMP_ON
2025-11-12 18:30:22,DRY,38.0,27.1,187.0,PUMP_ON
2025-11-12 18:30:22,WET,38.0,27.1,187.0,PUMP_OFF
2025-11-12 18:30:23,WET,38.0,27.1,187.0,PUMP_OFF
2025-11-12 18:30:23,WET,38.0,27.1,187.0,PUMP_OFF
2025-11-12 18:30:24,WET,38.0,27.1,187.0,PUMP_OFF
2025-11-12 18:30:24,WET,38.0,27.1,187.0,PUMP_OFF
2025-11-12 18:30:25,DRY,38.0,27.1,187.0,PUMP_ON
2025-11-12 18:30:25,DRY,38.0,27.1,187.0,PUMP_ON
2025-11-12 18:30:26,DRY,38.0,27.1,187.0,PUMP_ON
2025-11-12 18:30:26,DRY,38.0,27.1,187.0,PUMP_ON
2025-11-12 18:30:27,DRY,38.0,27.1,188.0,PUMP_ON
2025-11-12 18:30:27,DRY,38.0,27.1,188.0,PUMP_ON
2025-11-12 18:30:28,DRY,38.0,27.1,188.0,PUMP_ON
2025-11-12 18:30:28,DRY,38.0,27.1,188.0,PUMP_ON
2025-11-12 18:30:29,DRY,38.0,27.1,188.0,PUMP_ON
2025-11-12 18:30:29,DRY,38.0,27.1,188.0,PUMP_ON
2025-11-12 18:30:30,DRY,38.0,27.1,189.0,PUMP_ON
2025-11-12 18:30:30,DRY,37.0,27.1,189.0,PUMP_ON
2025-11-12 18:30:31,DRY,37.0,27.1,189.0,PUMP_ON
2025-11-12 18:30:31,DRY,37.0,27.1,189.0,PUMP_ON
2025-11-12 18:30:32,DRY,37.0,27.1,189.0,PUMP_ON
2025-11-12 18:30:33,DRY,37.0,27.1,189.0,PUMP_ON
2025-11-12 18:30:33,DRY,37.0,27.1,189.0,PUMP_ON
2025-11-12 18:30:34,DRY,37.0,27.1,188.0,PUMP_ON
2025-11-12 18:30:34,DRY,37.0,27.1,189.0,PUMP_ON
2025-11-12 18:30:35,DRY,37.0,27.1,189.0,PUMP_ON
2025-11-12 18:30:35,DRY,37.0,27.1,189.0,PUMP_ON
2025-11-12 18:30:36,DRY,37.0,27.1,189.0,PUMP_ON
2025-11-12 18:30:36,DRY,37.0,27.1,189.0,PUMP_ON
2025-11-12 18:30:37,DRY,37.0,27.1,189.0,PUMP_ON
2025-11-12 18:30:37,DRY,37.0,27.1,189.0,PUMP_ON
2025-11-12 18:30:38,DRY,37.0,27.1,189.0,PUMP_ON
2025-11-12 18:30:38,DRY,37.0,27.1,189.0,PUMP_ON
2025-11-12 18:30:39,DRY,37.0,27.1,189.0,PUMP_ON
2025-11-12 18:30:39,DRY,37.0,27.1,189.0,PUMP_ON
2025-11-12 18:30:40,DRY,37.0,27.1,189.0,PUMP_ON
2025-11-12 18:30:40,DRY,37.0,27.1,189.0,PUMP_ON
2025-11-12 18:30:41,DRY,37.0,27.1,189.0,PUMP_ON
2025-11-12 18:30:41,DRY,37.0,27.1,189.0,PUMP_ON
2025-11-12 18:30:42,DRY,37.0,27.1,190.0,PUMP_ON
2025-11-12 18:30:42,DRY,37.0,27.1,190.0,PUMP_ON
2025-11-12 18:30:43,DRY,37.0,27.1,190.0,PUMP_ON
2025-11-12 18:30:43,DRY,37.0,27.1,189.0,PUMP_ON
2025-11-12 18:30:44,DRY,37.0,27.1,189.0,PUMP_ON
2025-11-12 18:30:44,DRY,37.0,27.1,189.0,PUMP_ON
2025-11-12 18:30:45,DRY,37.0,27.1,189.0,PUMP_ON
2025-11-12 18:30:45,DRY,37.0,27.1,189.0,PUMP_ON
2025-11-12 18:30:46,DRY,37.0,27.1,189.0,PUMP_ON
2025-11-12 18:30:46,DRY,37.0,27.1,188.0,PUMP_ON
2025-11-12 18:30:47,DRY,37.0,27.1,189.0,PUMP_ON
2025-11-12 18:30:47,DRY,37.0,27.1,189.0,PUMP_ON
2025-11-12 18:30:48,DRY,37.0,27.1,189.0,PUMP_ON
2025-11-12 18:30:48,DRY,37.0,27.1,189.0,PUMP_ON
2025-11-12 18:30:49,DRY,37.0,27.1,189.0,PUMP_ON
2025-11-12 18:30:49,DRY,37.0,27.1,189.0,PUMP_ON
2025-11-12 18:30:50,DRY,37.0,27.1,189.0,PUMP_ON
2025-11-12 18:30:50,DRY,37.0,27.1,188.0,PUMP_ON
2025-11-12 18:30:51,DRY,37.0,27.1,188.0,PUMP_ON
2025-11-12 18:30:51,DRY,37.0,27.1,188.0,PUMP_ON
2025-11-12 18:30:52,DRY,37.0,27.1,187.0,PUMP_ON
2025-11-12 18:30:52,DRY,36.0,27.1,189.0,PUMP_ON
2025-11-12 18:30:53,DRY,36.0,27.1,189.0,PUMP_ON
2025-11-12 18:30:53,DRY,36.0,27.1,189.0,PUMP_ON
2025-11-12 18:30:54,DRY,36.0,27.1,189.0,PUMP_ON
2025-11-12 18:30:54,DRY,36.0,27.1,189.0,PUMP_ON
2025-11-12 18:30:55,DRY,36.0,27.1,189.0,PUMP_ON
2025-11-12 18:30:55,DRY,36.0,27.1,189.0,PUMP_ON
2025-11-12 18:30:56,DRY,36.0,27.1,189.0,PUMP_ON
2025-11-12 18:30:56,DRY,36.0,27.1,189.0,PUMP_ON
2025-11-12 18:30:57,DRY,36.0,27.1,189.0,PUMP_ON
2025-11-12 18:30:57,DRY,36.0,27.1,189.0,PUMP_ON
2025-11-12 18:30:58,DRY,36.0,27.1,188.0,PUMP_ON
2025-11-12 18:30:58,DRY,36.0,27.1,188.0,PUMP_ON
2025-11-12 18:30:59,DRY,36.0,27.1,188.0,PUMP_ON
2025-11-12 18:30:59,DRY,36.0,27.1,189.0,PUMP_ON
2025-11-12 18:31:00,DRY,36.0,27.1,189.0,PUMP_ON
2025-11-12 18:31:00,DRY,36.0,27.1,189.0,PUMP_ON
2025-11-12 18:31:01,DRY,36.0,27.1,189.0,PUMP_ON
2025-11-12 18:31:01,DRY,36.0,27.1,189.0,PUMP_ON
2025-11-12 18:31:02,DRY,36.0,27.1,189.0,PUMP_ON
2025-11-12 18:31:02,DRY,36.0,27.1,189.0,PUMP_ON
2025-11-12 18:31:03,DRY,36.0,27.1,189.0,PUMP_ON
2025-11-12 18:31:03,DRY,36.0,27.1,189.0,PUMP_ON
2025-11-12 18:31:04,DRY,36.0,27.1,189.0,PUMP_ON
2025-11-12 18:31:04,DRY,36.0,27.0,189.0,PUMP_ON
2025-11-12 18:31:05,DRY,36.0,27.0,189.0,PUMP_ON
2025-11-12 18:31:05,DRY,36.0,27.0,189.0,PUMP_ON
2025-11-12 18:31:06,DRY,36.0,27.0,189.0,PUMP_ON
2025-11-12 18:31:06,DRY,36.0,27.0,189.0,PUMP_ON
2025-11-12 18:31:07,DRY,37.0,26.8,189.0,PUMP_ON
2025-11-12 18:31:07,DRY,37.0,26.8,189.0,PUMP_ON
2025-11-12 18:31:08,DRY,37.0,26.8,189.0,PUMP_ON
2025-11-12 18:31:08,DRY,37.0,26.8,188.0,PUMP_ON
2025-11-12 18:31:09,DRY,37.0,26.8,189.0,PUMP_ON
2025-11-12 18:31:09,WET,37.0,26.7,189.0,PUMP_OFF
2025-11-12 18:31:10,DRY,37.0,26.7,189.0,PUMP_ON
2025-11-12 18:31:10,WET,37.0,26.7,189.0,PUMP_OFF
2025-11-12 18:31:11,WET,37.0,26.7,189.0,PUMP_OFF
2025-11-12 18:31:11,DRY,37.0,26.7,188.0,PUMP_ON
2025-11-12 18:31:12,WET,37.0,26.7,190.0,PUMP_OFF
2025-11-12 18:31:12,DRY,37.0,26.7,189.0,PUMP_ON
2025-11-12 18:31:13,DRY,37.0,26.7,189.0,PUMP_ON
2025-11-12 18:31:13,DRY,37.0,26.7,189.0,PUMP_ON
2025-11-12 18:31:14,DRY,37.0,26.7,189.0,PUMP_ON
2025-11-12 18:31:14,DRY,37.0,26.7,190.0,PUMP_ON
2025-11-12 18:31:15,DRY,37.0,26.7,190.0,PUMP_ON
2025-11-12 18:31:15,WET,37.0,26.7,190.0,PUMP_OFF
2025-11-12 18:31:16,WET,37.0,26.7,190.0,PUMP_OFF
2025-11-12 18:31:16,WET,37.0,26.7,190.0,PUMP_OFF
2025-11-12 18:31:17,WET,37.0,26.7,189.0,PUMP_OFF
2025-11-12 18:31:17,WET,37.0,26.7,189.0,PUMP_OFF
2025-11-12 18:31:18,WET,37.0,26.7,189.0,PUMP_OFF
2025-11-12 18:31:18,WET,37.0,26.7,189.0,PUMP_OFF
2025-11-12 18:31:19,WET,37.0,26.7,189.0,PUMP_OFF
2025-11-12 18:31:19,WET,37.0,26.7,189.0,PUMP_OFF
2025-11-12 18:31:20,WET,37.0,26.7,189.0,PUMP_OFF
2025-11-12 18:31:20,WET,37.0,26.7,189.0,PUMP_OFF
2025-11-12 18:31:21,WET,37.0,26.7,189.0,PUMP_OFF
2025-11-12 18:31:21,WET,37.0,26.7,189.0,PUMP_OFF
2025-11-12 18:31:22,DRY,37.0,26.7,189.0,PUMP_ON
2025-11-12 18:31:22,DRY,37.0,26.7,189.0,PUMP_ON
2025-11-12 18:31:23,DRY,37.0,26.7,189.0,PUMP_ON
2025-11-12 18:31:23,DRY,37.0,26.7,189.0,PUMP_ON
2025-11-12 18:31:24,DRY,37.0,26.7,189.0,PUMP_ON
2025-11-12 18:31:24,DRY,37.0,26.7,189.0,PUMP_ON
2025-11-12 18:31:25,DRY,37.0,26.7,189.0,PUMP_ON
2025-11-12 18:31:25,DRY,37.0,26.7,188.0,PUMP_ON
2025-11-12 18:31:26,DRY,37.0,26.7,188.0,PUMP_ON
2025-11-12 18:31:26,DRY,37.0,26.7,188.0,PUMP_ON
2025-11-12 18:31:27,DRY,37.0,26.7,188.0,PUMP_ON
2025-11-12 18:31:27,DRY,37.0,26.7,188.0,PUMP_ON
2025-11-12 18:31:28,DRY,37.0,26.7,188.0,PUMP_ON
2025-11-12 18:31:28,DRY,37.0,26.7,188.0,PUMP_ON
2025-11-12 18:31:29,DRY,37.0,26.7,188.0,PUMP_ON
2025-11-12 18:31:29,DRY,37.0,26.7,187.0,PUMP_ON
2025-11-12 18:31:30,DRY,37.0,26.7,187.0,PUMP_ON
2025-11-12 18:31:30,DRY,37.0,26.7,187.0,PUMP_ON
2025-11-12 18:31:31,DRY,37.0,26.7,187.0,PUMP_ON
2025-11-12 18:31:31,DRY,38.0,26.7,187.0,PUMP_ON
2025-11-12 18:31:32,DRY,38.0,26.7,187.0,PUMP_ON
2025-11-12 18:31:32,DRY,38.0,26.7,187.0,PUMP_ON
2025-11-12 18:31:33,DRY,38.0,26.7,187.0,PUMP_ON
2025-11-12 18:31:33,DRY,38.0,26.7,187.0,PUMP_ON
2025-11-12 18:31:34,DRY,38.0,26.7,186.0,PUMP_ON
2025-11-12 18:31:34,DRY,38.0,26.7,186.0,PUMP_ON
2025-11-12 18:31:35,DRY,38.0,26.7,186.0,PUMP_ON
2025-11-12 18:31:35,DRY,38.0,26.7,186.0,PUMP_ON
2025-11-12 18:31:36,DRY,38.0,26.7,186.0,PUMP_ON
2025-11-12 18:31:36,DRY,38.0,26.7,185.0,PUMP_ON
2025-11-12 18:31:37,DRY,38.0,26.7,186.0,PUMP_ON
2025-11-12 18:31:37,DRY,38.0,26.7,186.0,PUMP_ON
2025-11-12 18:31:38,DRY,38.0,26.7,186.0,PUMP_ON
2025-11-12 18:31:38,DRY,38.0,26.7,186.0,PUMP_ON
2025-11-12 18:31:39,DRY,38.0,26.7,186.0,PUMP_ON
2025-11-12 18:31:39,DRY,38.0,26.7,186.0,PUMP_ON
2025-11-12 18:31:40,DRY,38.0,26.7,186.0,PUMP_ON
2025-11-12 18:31:40,DRY,38.0,26.7,186.0,PUMP_ON
2025-11-12 18:31:41,DRY,38.0,26.7,186.0,PUMP_ON
2025-11-12 18:31:41,DRY,38.0,26.7,185.0,PUMP_ON
2025-11-12 18:31:42,DRY,38.0,26.7,185.0,PUMP_ON
2025-11-12 18:31:42,DRY,38.0,26.7,185.0,PUMP_ON
2025-11-12 18:31:43,DRY,38.0,26.7,185.0,PUMP_ON
2025-11-12 18:31:43,DRY,38.0,26.7,185.0,PUMP_ON
2025-11-12 18:31:44,DRY,38.0,26.7,185.0,PUMP_ON
2025-11-12 18:31:44,DRY,38.0,26.7,185.0,PUMP_ON
2025-11-12 18:31:54,DRY,37.0,26.7,185.0,PUMP_ON
2025-11-12 18:31:54,DRY,37.0,26.7,185.0,PUMP_ON
2025-11-12 18:31:54,DRY,37.0,26.7,185.0,PUMP_ON
2025-11-12 18:31:54,DRY,37.0,26.7,186.0,PUMP_ON
2025-11-12 18:31:54,DRY,37.0,26.7,186.0,PUMP_ON
2025-11-12 18:31:54,DRY,37.0,26.7,186.0,PUMP_ON
2025-11-12 18:31:55,DRY,37.0,26.7,186.0,PUMP_ON
2025-11-12 18:31:55,DRY,37.0,26.7,187.0,PUMP_ON
2025-11-12 18:31:56,DRY,37.0,26.7,187.0,PUMP_ON
2025-11-12 18:31:56,DRY,37.0,26.7,187.0,PUMP_ON
2025-11-12 18:31:57,DRY,37.0,26.7,187.0,PUMP_ON
2025-11-12 18:31:57,DRY,37.0,26.7,187.0,PUMP_ON
2025-11-12 18:31:58,DRY,37.0,26.7,187.0,PUMP_ON
2025-11-12 18:32:00,WET,37.0,26.7,186.0,PUMP_OFF
2025-11-12 18:32:00,WET,37.0,26.7,188.0,PUMP_OFF
2025-11-12 18:32:01,WET,37.0,26.7,188.0,PUMP_OFF
2025-11-12 18:32:01,WET,38.0,27.1,187.0,PUMP_OFF
2025-11-12 18:32:02,WET,38.0,27.1,187.0,PUMP_OFF
2025-11-12 18:32:02,WET,38.0,27.1,187.0,PUMP_OFF
2025-11-12 18:32:03,WET,38.0,27.1,187.0,PUMP_OFF
2025-11-12 18:32:03,WET,38.0,27.1,187.0,PUMP_OFF
2025-11-12 18:32:04,WET,38.0,27.1,187.0,PUMP_OFF
2025-11-12 18:32:04,WET,38.0,27.1,187.0,PUMP_OFF
2025-11-12 18:32:05,WET,38.0,27.1,187.0,PUMP_OFF
2025-11-12 18:32:05,WET,38.0,27.1,187.0,PUMP_OFF
2025-11-12 18:32:06,WET,38.0,27.1,187.0,PUMP_OFF
2025-11-12 18:32:06,WET,38.0,27.1,187.0,PUMP_OFF
2025-11-12 18:32:07,WET,38.0,27.1,187.0,PUMP_OFF
2025-11-12 18:32:07,WET,38.0,27.1,187.0,PUMP_OFF
2025-11-12 18:32:08,WET,38.0,27.1,187.0,PUMP_OFF
2025-11-12 18:32:08,WET,38.0,27.1,187.0,PUMP_OFF
2025-11-12 18:32:09,WET,38.0,27.1,187.0,PUMP_OFF
2025-11-12 18:32:09,DRY,38.0,27.1,187.0,PUMP_ON
2025-11-12 18:32:10,DRY,38.0,27.1,188.0,PUMP_ON
2025-11-12 18:32:10,DRY,38.0,27.1,188.0,PUMP_ON
2025-11-12 18:32:13,DRY,38.0,27.1,187.0,PUMP_ON
2025-11-12 18:32:13,WET,38.0,27.1,188.0,PUMP_OFF
2025-11-12 18:32:14,WET,38.0,27.1,188.0,PUMP_OFF
2025-11-12 18:32:14,WET,38.0,27.1,188.0,PUMP_OFF
2025-11-12 18:32:15,WET,38.0,27.1,188.0,PUMP_OFF
2025-11-12 18:32:15,WET,38.0,27.1,188.0,PUMP_OFF
2025-11-12 18:32:16,WET,38.0,27.1,188.0,PUMP_OFF
2025-11-12 18:32:16,WET,38.0,27.1,188.0,PUMP_OFF
2025-11-12 18:32:17,WET,38.0,27.1,188.0,PUMP_OFF
2025-11-12 18:32:17,WET,38.0,27.1,188.0,PUMP_OFF
2025-11-12 18:32:18,WET,38.0,27.1,189.0,PUMP_OFF
2025-11-12 18:32:18,WET,38.0,27.1,189.0,PUMP_OFF
2025-11-12 18:32:19,WET,38.0,27.1,188.0,PUMP_OFF
2025-11-12 18:32:19,WET,38.0,27.1,188.0,PUMP_OFF
2025-11-12 18:32:20,WET,38.0,27.1,188.0,PUMP_OFF
2025-11-12 18:32:20,WET,38.0,27.1,189.0,PUMP_OFF
2025-11-12 18:32:21,WET,38.0,27.1,189.0,PUMP_OFF
2025-11-12 18:32:21,WET,38.0,27.1,189.0,PUMP_OFF
2025-11-12 18:32:22,WET,38.0,27.1,189.0,PUMP_OFF
2025-11-12 18:32:22,WET,38.0,27.1,189.0,PUMP_OFF
2025-11-12 18:32:23,WET,38.0,27.1,189.0,PUMP_OFF
2025-11-12 18:32:23,WET,38.0,27.1,189.0,PUMP_OFF
2025-11-12 18:32:24,WET,38.0,27.1,189.0,PUMP_OFF
2025-11-12 18:32:24,WET,38.0,27.1,189.0,PUMP_OFF
2025-11-12 18:32:25,WET,38.0,27.1,189.0,PUMP_OFF
2025-11-12 18:32:25,WET,38.0,27.1,189.0,PUMP_OFF
2025-11-12 18:32:26,WET,38.0,27.1,189.0,PUMP_OFF
2025-11-12 18:32:26,WET,38.0,27.1,190.0,PUMP_OFF
2025-11-12 18:32:27,WET,38.0,27.1,190.0,PUMP_OFF
2025-11-12 18:32:27,WET,38.0,27.1,189.0,PUMP_OFF
2025-11-12 18:32:28,WET,37.0,27.1,189.0,PUMP_OFF
2025-11-12 18:32:28,WET,37.0,27.1,189.0,PUMP_OFF
2025-11-12 18:32:29,WET,37.0,27.1,189.0,PUMP_OFF
2025-11-12 18:32:29,WET,37.0,27.1,189.0,PUMP_OFF
2025-11-12 18:32:30,WET,38.0,27.1,189.0,PUMP_OFF
2025-11-12 18:32:30,WET,38.0,27.1,189.0,PUMP_OFF
2025-11-12 18:32:31,WET,38.0,27.1,190.0,PUMP_OFF
2025-11-12 18:32:31,WET,38.0,27.1,192.0,PUMP_OFF
2025-11-12 18:32:32,WET,38.0,27.1,192.0,PUMP_OFF
2025-11-12 18:32:32,WET,38.0,27.1,192.0,PUMP_OFF
2025-11-12 18:32:33,WET,38.0,27.1,192.0,PUMP_OFF
2025-11-12 18:32:33,WET,38.0,27.1,192.0,PUMP_OFF
2025-11-12 18:32:34,WET,38.0,27.1,195.0,PUMP_OFF
2025-11-12 18:32:34,WET,38.0,27.1,195.0,PUMP_OFF
2025-11-12 18:32:35,WET,39.0,27.1,196.0,PUMP_OFF
2025-11-12 18:32:35,WET,39.0,27.1,197.0,PUMP_OFF
2025-11-12 18:32:36,WET,39.0,27.1,197.0,PUMP_OFF
2025-11-12 18:32:36,WET,39.0,27.1,197.0,PUMP_OFF
2025-11-12 18:32:37,WET,39.0,27.1,197.0,PUMP_OFF
2025-11-12 18:32:37,WET,39.0,27.1,197.0,PUMP_OFF
2025-11-12 18:32:38,WET,39.0,27.1,197.0,PUMP_OFF
2025-11-12 18:32:38,WET,39.0,27.1,197.0,PUMP_OFF
2025-11-12 18:32:39,WET,39.0,27.1,197.0,PUMP_OFF
2025-11-12 18:32:39,WET,39.0,27.1,196.0,PUMP_OFF
2025-11-12 18:32:40,WET,38.0,27.1,196.0,PUMP_OFF
2025-11-12 18:32:40,WET,38.0,27.1,196.0,PUMP_OFF
2025-11-12 18:32:41,WET,38.0,27.1,196.0,PUMP_OFF
2025-11-12 18:32:41,WET,38.0,27.1,196.0,PUMP_OFF
2025-11-12 18:32:42,WET,38.0,27.1,196.0,PUMP_OFF
2025-11-12 18:32:42,WET,38.0,27.1,196.0,PUMP_OFF
2025-11-12 18:32:43,WET,38.0,27.1,195.0,PUMP_OFF
2025-11-12 18:32:43,WET,38.0,27.1,195.0,PUMP_OFF
2025-11-12 18:32:44,WET,38.0,27.1,194.0,PUMP_OFF
2025-11-12 18:32:44,WET,38.0,27.1,194.0,PUMP_OFF
2025-11-12 18:32:45,WET,38.0,27.1,193.0,PUMP_OFF
2025-11-12 18:32:45,WET,38.0,27.1,193.0,PUMP_OFF
2025-11-12 18:32:46,WET,38.0,27.1,193.0,PUMP_OFF
2025-11-12 18:32:46,WET,38.0,27.1,194.0,PUMP_OFF
2025-11-12 18:32:47,WET,38.0,27.1,194.0,PUMP_OFF
2025-11-12 18:32:47,WET,38.0,27.1,193.0,PUMP_OFF
2025-11-12 18:32:48,WET,38.0,27.1,194.0,PUMP_OFF
2025-11-12 18:32:48,WET,38.0,27.1,195.0,PUMP_OFF
2025-11-12 18:32:49,WET,38.0,27.1,194.0,PUMP_OFF
2025-11-12 18:32:49,WET,38.0,27.1,194.0,PUMP_OFF
2025-11-12 18:32:50,DRY,38.0,27.1,193.0,PUMP_ON
2025-11-12 18:32:50,DRY,38.0,27.1,194.0,PUMP_ON
2025-11-12 18:32:51,DRY,38.0,27.1,193.0,PUMP_ON
2025-11-12 18:32:51,DRY,38.0,27.1,192.0,PUMP_ON
2025-11-12 18:32:52,DRY,38.0,27.1,192.0,PUMP_ON
2025-11-12 18:32:52,DRY,38.0,27.1,192.0,PUMP_ON
2025-11-12 18:32:53,DRY,38.0,27.1,192.0,PUMP_ON
2025-11-12 18:32:53,DRY,38.0,27.1,192.0,PUMP_ON
2025-11-12 18:32:54,DRY,38.0,27.1,192.0,PUMP_ON
2025-11-12 18:32:54,DRY,38.0,27.1,192.0,PUMP_ON
2025-11-12 18:32:55,WET,38.0,27.1,192.0,PUMP_OFF
2025-11-12 18:32:55,DRY,38.0,27.1,190.0,PUMP_ON
2025-11-12 18:32:56,DRY,38.0,27.1,190.0,PUMP_ON
2025-11-12 18:32:56,WET,38.0,27.1,190.0,PUMP_OFF
2025-11-12 18:32:57,WET,38.0,27.1,190.0,PUMP_OFF
2025-11-12 18:32:57,WET,38.0,27.1,190.0,PUMP_OFF
2025-11-12 18:32:58,WET,38.0,27.1,189.0,PUMP_OFF
2025-11-12 18:32:58,WET,38.0,27.1,192.0,PUMP_OFF
2025-11-12 18:32:59,WET,38.0,27.1,192.0,PUMP_OFF
2025-11-12 18:32:59,WET,38.0,27.1,192.0,PUMP_OFF
2025-11-12 18:33:00,WET,38.0,27.1,190.0,PUMP_OFF
2025-11-12 18:33:00,DRY,38.0,27.1,190.0,PUMP_ON
2025-11-12 18:33:01,DRY,38.0,27.1,192.0,PUMP_ON
2025-11-12 18:33:01,DRY,38.0,27.1,192.0,PUMP_ON
2025-11-12 18:33:02,DRY,38.0,27.1,192.0,PUMP_ON
2025-11-12 18:33:02,DRY,38.0,27.1,192.0,PUMP_ON
2025-11-12 18:33:03,DRY,38.0,27.1,192.0,PUMP_ON
2025-11-12 18:33:03,DRY,38.0,27.1,192.0,PUMP_ON
2025-11-12 18:33:04,DRY,38.0,27.1,192.0,PUMP_ON
2025-11-12 18:33:04,DRY,38.0,27.1,192.0,PUMP_ON
2025-11-12 18:33:05,DRY,38.0,27.1,190.0,PUMP_ON
2025-11-12 18:33:05,DRY,38.0,27.1,1024.0,PUMP_ON
2025-11-12 18:33:06,DRY,38.0,27.1,189.0,PUMP_ON
2025-11-12 18:33:06,DRY,38.0,27.1,190.0,PUMP_ON
2025-11-12 18:33:07,DRY,38.0,27.1,190.0,PUMP_ON
2025-11-12 18:33:07,DRY,38.0,27.1,190.0,PUMP_ON
2025-11-12 18:33:08,DRY,38.0,27.1,190.0,PUMP_ON
2025-11-12 18:33:08,DRY,38.0,27.1,190.0,PUMP_ON
2025-11-12 18:33:09,DRY,38.0,27.1,189.0,PUMP_ON
2025-11-12 18:33:09,DRY,38.0,27.1,190.0,PUMP_ON
2025-11-12 18:33:10,DRY,38.0,27.1,190.0,PUMP_ON
2025-11-12 18:33:10,DRY,38.0,27.1,193.0,PUMP_ON
2025-11-12 18:33:11,DRY,38.0,27.1,189.0,PUMP_ON
2025-11-12 18:33:11,DRY,38.0,27.1,192.0,PUMP_ON
2025-11-12 18:33:12,DRY,38.0,27.1,192.0,PUMP_ON
2025-11-12 18:33:12,DRY,38.0,27.1,192.0,PUMP_ON
2025-11-12 18:33:13,DRY,38.0,27.1,189.0,PUMP_ON
2025-11-12 18:33:13,DRY,38.0,27.1,188.0,PUMP_ON
2025-11-12 18:33:14,DRY,38.0,27.1,187.0,PUMP_ON
2025-11-12 18:33:14,DRY,38.0,27.1,189.0,PUMP_ON
2025-11-12 18:33:15,DRY,38.0,27.1,190.0,PUMP_ON
2025-11-12 18:33:15,DRY,38.0,27.1,189.0,PUMP_ON
2025-11-12 18:33:16,DRY,38.0,27.1,189.0,PUMP_ON
2025-11-12 18:33:16,DRY,38.0,27.6,189.0,PUMP_ON
2025-11-12 18:33:17,DRY,38.0,27.6,189.0,PUMP_ON
2025-11-12 18:33:17,DRY,38.0,27.6,189.0,PUMP_ON
2025-11-12 18:33:18,WET,38.0,27.6,190.0,PUMP_OFF
2025-11-12 18:33:18,WET,38.0,27.6,190.0,PUMP_OFF
2025-11-12 18:33:19,WET,38.0,27.6,189.0,PUMP_OFF
2025-11-12 18:33:19,WET,38.0,27.6,192.0,PUMP_OFF
2025-11-12 18:33:20,WET,38.0,27.6,192.0,PUMP_OFF
2025-11-12 18:33:20,WET,38.0,27.6,192.0,PUMP_OFF
2025-11-12 18:33:21,WET,38.0,27.6,192.0,PUMP_OFF
2025-11-12 18:33:21,WET,39.0,27.6,193.0,PUMP_OFF
2025-11-12 18:33:22,WET,39.0,27.6,193.0,PUMP_OFF
2025-11-12 18:33:22,WET,39.0,27.6,193.0,PUMP_OFF
2025-11-12 18:33:23,WET,39.0,27.6,193.0,PUMP_OFF
2025-11-12 18:33:23,WET,39.0,27.6,192.0,PUMP_OFF
2025-11-12 18:33:24,WET,38.0,27.6,192.0,PUMP_OFF
2025-11-12 18:33:24,WET,38.0,27.6,193.0,PUMP_OFF
2025-11-12 18:33:25,DRY,38.0,27.6,192.0,PUMP_ON
2025-11-12 18:33:25,DRY,38.0,27.6,195.0,PUMP_ON
2025-11-12 18:33:26,DRY,38.0,27.6,195.0,PUMP_ON
2025-11-12 18:33:26,WET,38.0,27.6,195.0,PUMP_OFF
2025-11-12 18:33:27,WET,38.0,27.6,195.0,PUMP_OFF
2025-11-12 18:33:27,WET,38.0,27.6,195.0,PUMP_OFF
2025-11-12 18:33:28,WET,38.0,27.6,195.0,PUMP_OFF
2025-11-12 18:33:28,WET,38.0,27.6,195.0,PUMP_OFF
2025-11-12 18:33:29,WET,38.0,27.6,195.0,PUMP_OFF
2025-11-12 18:33:29,WET,38.0,27.6,192.0,PUMP_OFF
2025-11-12 18:33:30,WET,38.0,27.6,195.0,PUMP_OFF
2025-11-12 18:33:30,WET,38.0,27.6,195.0,PUMP_OFF
2025-11-12 18:33:31,WET,38.0,27.6,195.0,PUMP_OFF
2025-11-12 18:33:31,WET,38.0,27.6,195.0,PUMP_OFF
2025-11-12 18:33:32,WET,38.0,27.6,195.0,PUMP_OFF
2025-11-12 18:33:32,WET,38.0,27.6,194.0,PUMP_OFF
2025-11-12 18:33:33,WET,38.0,27.6,194.0,PUMP_OFF
2025-11-12 18:33:33,WET,38.0,27.6,195.0,PUMP_OFF
2025-11-12 18:33:34,WET,38.0,27.6,195.0,PUMP_OFF
2025-11-12 18:33:34,WET,38.0,27.6,195.0,PUMP_OFF
2025-11-12 18:33:35,WET,38.0,27.6,196.0,PUMP_OFF
2025-11-12 18:33:35,WET,38.0,27.6,196.0,PUMP_OFF
2025-11-12 18:33:36,DRY,37.0,27.6,195.0,PUMP_ON
2025-11-12 18:33:36,DRY,37.0,27.6,195.0,PUMP_ON
2025-11-12 18:33:37,DRY,37.0,27.6,196.0,PUMP_ON
2025-11-12 18:33:37,DRY,37.0,27.6,196.0,PUMP_ON
2025-11-12 18:33:38,DRY,37.0,27.6,195.0,PUMP_ON
2025-11-12 18:33:38,DRY,37.0,27.6,195.0,PUMP_ON
2025-11-12 18:33:39,DRY,37.0,27.6,195.0,PUMP_ON
2025-11-12 18:33:39,DRY,37.0,27.6,196.0,PUMP_ON
2025-11-12 18:33:40,DRY,37.0,27.6,195.0,PUMP_ON
2025-11-12 18:33:40,DRY,37.0,27.6,196.0,PUMP_ON
2025-11-12 18:33:41,DRY,37.0,27.6,196.0,PUMP_ON
2025-11-12 18:33:41,DRY,37.0,27.6,196.0,PUMP_ON
2025-11-12 18:33:42,DRY,37.0,27.6,196.0,PUMP_ON
2025-11-12 18:33:42,DRY,37.0,27.6,195.0,PUMP_ON
2025-11-12 18:33:43,DRY,37.0,27.6,196.0,PUMP_ON
2025-11-12 18:33:43,DRY,37.0,27.6,195.0,PUMP_ON
2025-11-12 18:33:44,DRY,37.0,27.6,195.0,PUMP_ON
2025-11-12 18:33:44,DRY,37.0,27.6,195.0,PUMP_ON
2025-11-12 18:33:45,DRY,37.0,27.6,195.0,PUMP_ON
2025-11-12 18:33:45,DRY,37.0,27.6,194.0,PUMP_ON
2025-11-12 18:33:46,DRY,37.0,27.6,195.0,PUMP_ON
2025-11-12 18:33:46,DRY,37.0,27.6,196.0,PUMP_ON
2025-11-12 18:33:47,DRY,37.0,27.6,195.0,PUMP_ON
2025-11-12 18:33:47,DRY,37.0,27.6,195.0,PUMP_ON
2025-11-12 18:33:48,DRY,37.0,27.6,195.0,PUMP_ON
2025-11-12 18:33:48,DRY,37.0,27.6,194.0,PUMP_ON
2025-11-12 18:33:49,DRY,37.0,27.6,193.0,PUMP_ON
2025-11-12 18:33:49,DRY,37.0,27.6,193.0,PUMP_ON
2025-11-12 18:33:50,DRY,37.0,27.6,194.0,PUMP_ON
2025-11-12 18:33:50,DRY,37.0,27.6,194.0,PUMP_ON
